bowler,runs_conceded,overs,economy
A Ashish Reddy,400,44.0,9.090909090909092
A Chandila,245,39.0,6.282051282051282
A Kumble,1089,161.66666666666666,6.736082474226804
A Mishra,4193,565.3333333333334,7.416863207547169
A Mithun,477,49.5,9.636363636363637
A Nehra,2537,319.5,7.940532081377151
A Nortje,1614,177.0,9.11864406779661
A Singh,639,79.0,8.08860759493671
A Symonds,694,88.0,7.886363636363637
A Zampa,562,69.83333333333333,8.047732696897375
AA Chavan,339,41.333333333333336,8.201612903225806
AB Agarkar,1174,130.66666666666666,8.98469387755102
AB Dinda,2103,255.0,8.24705882352941
AB McDonald,263,31.0,8.483870967741936
AC Thomas,416,52.833333333333336,7.873817034700315
AD Mascarenhas,365,51.333333333333336,7.1103896103896105
AD Mathews,1095,132.0,8.295454545454545
AD Russell,2691,284.5,9.458699472759227
AF Milne,339,34.666666666666664,9.778846153846155
AG Murtaza,322,44.0,7.318181818181818
AJ Tye,1005,114.5,8.777292576419214
AK Markram,173,20.333333333333332,8.508196721311476
AM Nayar,323,38.166666666666664,8.462882096069869
AM Salvi,205,25.0,8.2
AN Ahmed,515,58.166666666666664,8.853868194842407
AR Patel,3824,517.5,7.389371980676328
AS Joseph,707,72.5,9.751724137931035
AS Rajpoot,844,89.83333333333333,9.39517625231911
AS Roy,191,22.666666666666668,8.426470588235293
Abhishek Sharma,396,45.166666666666664,8.767527675276753
Akash Deep,324,28.0,11.571428571428571
Akash Madhwal,431,44.833333333333336,9.613382899628252
Akash Singh,227,23.0,9.869565217391305
Anand Rajan,206,25.0,8.24
Ankit Sharma,453,61.166666666666664,7.405994550408719
Anureet Singh,636,69.83333333333333,9.107398568019093
Arshad Khan,282,22.333333333333332,12.626865671641792
Arshdeep Singh,2097,228.16666666666666,9.19065010956903
Avesh Khan,2010,223.16666666666666,9.0067214339059
Azhar Mahmood,707,90.33333333333333,7.826568265682657
Azmatullah Omarzai,194,21.0,9.238095238095237
B Akhil,246,31.5,7.809523809523809
B Kumar,5051,653.6666666666666,7.727180010198879
B Laughlin,284,28.166666666666668,10.08284023668639
B Lee,1126,148.0,7.608108108108108
B Stanlake,200,24.0,8.333333333333334
BA Bhatt,408,49.5,8.242424242424242
BA Stokes,1023,115.5,8.857142857142858
BAW Mendis,306,40.833333333333336,7.493877551020407
BB Sran,767,81.0,9.469135802469136
BCJ Cutting,430,46.833333333333336,9.181494661921707
BE Hendricks,239,25.166666666666668,9.496688741721854
BJ Hodge,310,39.0,7.948717948717949
BW Hilfenhaus,497,62.5,7.952
Basil Thampi,862,87.0,9.908045977011493
Bipul Sharma,581,71.0,8.183098591549296
C Green,675,73.33333333333333,9.204545454545455
C Sakariya,610,71.83333333333333,8.491879350348029
C de Grandhomme,323,36.333333333333336,8.889908256880734
CH Gayle,755,92.83333333333333,8.132854578096948
CH Morris,2377,288.5,8.239168110918545
CJ Anderson,525,49.5,10.606060606060606
CJ Jordan,1111,113.16666666666667,9.817378497790868
CK Langeveldt,199,26.166666666666668,7.6050955414012735
CR Brathwaite,384,42.833333333333336,8.964980544747082
CR Woakes,674,73.5,9.170068027210885
CRD Fernando,306,39.666666666666664,7.714285714285714
CV Varun,2042,266.0,7.676691729323308
D Pretorius,242,25.0,9.68
D Wiese,447,49.5,9.030303030303031
DE Bollinger,716,96.33333333333333,7.432525951557094
DJ Bravo,4436,521.5,8.506232023010547
DJ Hooda,535,62.166666666666664,8.605898123324398
DJ Hussey,485,52.833333333333336,9.17981072555205
DJ Willey,277,36.0,7.694444444444445
DJG Sammy,354,39.666666666666664,8.92436974789916
DL Chahar,2243,279.0,8.039426523297491
DL Vettori,894,129.5,6.903474903474904
DP Nannes,815,108.33333333333333,7.523076923076923
DP Vijaykumar,205,25.666666666666668,7.987012987012987
DR Sams,528,60.333333333333336,8.751381215469612
DR Smith,825,90.5,9.116022099447514
DS Kulkarni,2513,299.0,8.404682274247492
DT Christian,1218,147.66666666666666,8.248306997742665
DW Steyn,2583,364.8333333333333,7.079945180447694
FH Edwards,160,23.5,6.808510638297872
Fazalhaq Farooqi,229,25.333333333333332,9.039473684210527
G Coetzee,357,33.666666666666664,10.603960396039605
GB Hogg,585,76.5,7.647058823529412
GC Viljoen,229,23.0,9.956521739130435
GD McGrath,366,54.166666666666664,6.756923076923077
GJ Maxwell,1311,157.33333333333334,8.332627118644067
HF Gurney,239,27.166666666666668,8.797546012269938
HH Pandya,2196,237.16666666666666,9.259311314125089
HR Shokeen,320,34.333333333333336,9.320388349514563
HV Patel,3215,363.0,8.856749311294767
Harbhajan Singh,4101,570.0,7.1947368421052635
Harmeet Singh,747,92.16666666666667,8.104882459312838
Harpreet Brar,907,113.16666666666667,8.014727540500736
Harshit Rana,590,64.5,9.147286821705427
I Sharma,3255,388.6666666666667,8.374785591766724
I Udana,286,29.0,9.862068965517242
IC Pandey,609,77.33333333333333,7.875000000000001
IK Pathan,2711,340.6666666666667,7.957925636007827
IS Sodhi,204,30.166666666666668,6.762430939226519
Imran Tahir,1729,219.5,7.876993166287016
Iqbal Abdulla,1125,153.33333333333334,7.33695652173913
J Botha,818,115.66666666666667,7.072046109510087
J Little,341,38.0,8.973684210526315
J Suchith,604,70.0,8.628571428571428
J Syed Mohammad,286,32.0,8.9375
J Theron,311,37.166666666666664,8.367713004484305
J Yadav,447,65.33333333333333,6.841836734693878
JA Morkel,2409,289.3333333333333,8.326036866359448
JC Archer,1210,158.83333333333334,7.618048268625393
JD Ryder,314,39.333333333333336,7.983050847457626
JD Unadkat,3219,355.3333333333333,9.059099437148218
JDP Oram,362,39.666666666666664,9.126050420168069
JDS Neesham,342,36.0,9.5
JEC Franklin,225,25.5,8.823529411764707
JH Kallis,2348,291.8333333333333,8.045688178183896
JJ Bumrah,3840,518.0,7.413127413127413
JL Pattinson,321,35.5,9.04225352112676
JO Holder,1489,166.33333333333334,8.95190380761523
JP Behrendorff,563,61.0,9.229508196721312
JP Duminy,847,113.0,7.495575221238938
JP Faulkner,1849,207.16666666666666,8.925181013676589
JR Hazlewood,830,100.83333333333333,8.231404958677686
JR Hopes,562,60.0,9.366666666666667
Joginder Sharma,421,43.833333333333336,9.604562737642585
K Gowtham,825,98.0,8.418367346938776
K Kartikeya,334,39.0,8.564102564102564
K Khejroliya,221,20.5,10.78048780487805
K Rabada,2652,306.6666666666667,8.64782608695652
KA Jamieson,271,28.5,9.508771929824562
KA Pollard,2200,249.33333333333334,8.823529411764705
KC Cariappa,349,36.333333333333336,9.605504587155963
KH Pandya,2644,354.1666666666667,7.465411764705882
KK Ahmed,1918,213.5,8.98360655737705
KK Cooper,789,96.16666666666667,8.204506065857885
KL Nagarkoti,287,30.0,9.566666666666666
KM Asif,232,22.5,10.311111111111112
KMA Paul,239,28.0,8.535714285714286
KP Appanna,291,36.0,8.083333333333334
KP Pietersen,218,29.0,7.517241379310345
KR Sen,396,40.5,9.777777777777779
KV Sharma,2130,249.16666666666666,8.548494983277592
KW Richardson,479,55.833333333333336,8.57910447761194
Kamran Khan,248,27.833333333333332,8.910179640718564
Karanveer Singh,323,34.0,9.5
Kartik Tyagi,720,71.66666666666667,10.046511627906977
Kuldeep Yadav,2413,291.3333333333333,8.282608695652174
L Balaji,2083,252.66666666666666,8.244063324538258
L Ngidi,460,54.333333333333336,8.466257668711656
LE Plunkett,228,25.0,9.12
LH Ferguson,1451,161.16666666666666,9.003102378490176
LR Shukla,458,52.666666666666664,8.69620253164557
LS Livingstone,395,43.0,9.186046511627907
Lalit Yadav,430,48.166666666666664,8.92733564013841
M Ashwin,1182,145.5,8.123711340206185
M Jansen,732,76.33333333333333,9.589519650655022
M Kartik,1418,192.33333333333334,7.37261698440208
M Markande,1081,120.16666666666667,8.995839112343967
M Morkel,2136,273.6666666666667,7.805115712545676
M Muralitharan,1765,255.0,6.921568627450981
M Ntini,257,35.333333333333336,7.2735849056603765
M Pathirana,617,75.33333333333333,8.190265486725664
M Prasidh Krishna,1741,194.66666666666666,8.943493150684931
M Theekshana,814,104.0,7.826923076923077
MA Starc,1175,139.0,8.453237410071942
MA Wood,192,20.166666666666668,9.520661157024794
MC Henriques,1302,158.5,8.214511041009464
MF Maharoof,532,70.83333333333333,7.510588235294118
MG Johnson,1740,207.33333333333334,8.392282958199356
MJ McClenaghan,1839,213.83333333333334,8.600155884645362
MJ Santner,428,61.166666666666664,6.997275204359673
MM Ali,900,126.5,7.1146245059288535
MM Patel,1733,227.66666666666666,7.612005856515374
MM Sharma,3278,376.6666666666667,8.702654867256637
MN Samuels,285,35.666666666666664,7.990654205607477
MP Stoinis,1300,134.0,9.701492537313433
MR Marsh,803,93.83333333333333,8.557726465364121
MS Gony,1317,148.83333333333334,8.848824188129898
Mayank Dagar,205,22.833333333333332,8.978102189781023
Mohammad Asif,307,32.166666666666664,9.544041450777202
Mohammad Nabi,527,69.5,7.58273381294964
Mohammed Shami,3486,407.0,8.565110565110565
Mohammed Siraj,2894,327.6666666666667,8.832146490335706
Mohsin Khan,698,81.0,8.617283950617283
Mujeeb Ur Rahman,598,72.33333333333333,8.267281105990785
Mukesh Choudhary,452,46.666666666666664,9.685714285714287
Mukesh Kumar,707,67.16666666666667,10.52605459057072
Mustafizur Rahman,1792,217.66666666666666,8.232771822358346
N Rana,253,30.0,8.433333333333334
N Thushara,259,26.333333333333332,9.835443037974684
NLTC Perera,1031,116.83333333333333,8.82453637660485
NM Coulter-Nile,1125,144.33333333333334,7.794457274826789
NT Ellis,514,59.5,8.638655462184873
Navdeep Saini,968,110.16666666666667,8.786686838124053
Naveen-ul-Haq,602,65.33333333333333,9.214285714285715
Noor Ahmad,672,82.16666666666667,8.178498985801216
OC McCoy,255,27.166666666666668,9.386503067484663
P Amarnath,241,22.0,10.954545454545455
P Awana,1046,125.16666666666667,8.356857523302264
P Kumar,3342,420.8333333333333,7.941386138613861
P Negi,954,119.33333333333333,7.994413407821229
P Parameswaran,226,25.833333333333332,8.748387096774193
PC Valthaty,207,25.166666666666668,8.225165562913906
PJ Cummins,1976,220.0,8.981818181818182
PJ Sangwan,1267,143.66666666666666,8.819025522041764
PP Chawla,5179,642.0,8.066978193146417
PP Ojha,2399,316.8333333333333,7.571804313519201
PV Tambe,866,110.0,7.872727272727273
PVD Chameera,442,47.333333333333336,9.338028169014084
PWH de Silva,758,92.0,8.23913043478261
Pankaj Singh,472,50.166666666666664,9.408637873754154
Parvez Rasool,273,33.0,8.272727272727273
R Ashwin,5435,754.6666666666666,7.201855123674912
R Bhatia,2059,273.0,7.542124542124542
R Dhawan,922,110.83333333333333,8.318796992481204
R McLaren,558,59.5,9.378151260504202
R Parag,307,29.166666666666668,10.525714285714285
R Rampaul,319,45.0,7.088888888888889
R Sai Kishore,259,31.0,8.35483870967742
R Sathish,233,23.166666666666668,10.057553956834532
R Sharma,1100,154.66666666666666,7.112068965517242
R Shepherd,260,21.0,12.380952380952381
R Shukla,217,20.5,10.585365853658537
R Tewatia,1117,140.83333333333334,7.931360946745562
R Vinay Kumar,3041,356.3333333333333,8.534144059869037
RA Jadeja,4917,639.0,7.694835680751174
RD Chahar,2165,277.5,7.801801801801802
RE van der Merwe,515,73.83333333333333,6.975169300225734
RG Sharma,462,56.5,8.176991150442477
RJ Harris,1085,138.83333333333334,7.815126050420168
RP Meredith,621,65.0,9.553846153846154
RP Singh,2417,298.0,8.110738255033556
RR Powar,538,71.16666666666667,7.559718969555035
RR Raje,214,23.333333333333332,9.171428571428573
RS Bopara,301,34.333333333333336,8.766990291262136
Rashid Khan,3340,478.6666666666667,6.977715877437325
Rasikh Salam,341,32.833333333333336,10.385786802030456
Ravi Bishnoi,1861,236.0,7.885593220338983
S Aravind,1057,126.83333333333333,8.33377135348226
S Badree,329,43.0,7.651162790697675
S Gopal,1358,165.33333333333334,8.213709677419354
S Kaul,1772,202.5,8.750617283950618
S Kaushik,304,34.166666666666664,8.897560975609757
S Ladda,225,23.166666666666668,9.712230215827338
S Lamichhane,297,35.0,8.485714285714286
S Nadeem,1800,236.5,7.6109936575052854
S Randiv,223,29.0,7.689655172413793
S Sandeep Warrier,257,28.333333333333332,9.070588235294117
S Sreesanth,1221,150.5,8.112956810631228
S Tyagi,304,35.333333333333336,8.60377358490566
SB Bangar,221,25.0,8.84
SB Jakati,1474,181.16666666666666,8.136154553817848
SB Styris,278,36.0,7.722222222222222
SC Ganguly,370,46.166666666666664,8.014440433212997
SE Bond,225,31.0,7.258064516129032
SJ Srivastava,444,47.166666666666664,9.413427561837457
SK Raina,1139,151.33333333333334,7.526431718061674
SK Trivedi,1944,252.5,7.699009900990099
SK Warne,1465,199.0,7.36180904522613
SL Malinga,3486,474.3333333333333,7.34926212227688
SM Curran,1924,198.0,9.717171717171718
SM Pollock,307,46.0,6.673913043478261
SMSM Senanayake,211,32.0,6.59375
SN Thakur,2908,312.6666666666667,9.300639658848613
SP Narine,4672,680.8333333333334,6.862178702570379
SR Watson,2742,340.3333333333333,8.056807051909892
ST Jayasuriya,396,49.0,8.081632653061224
STR Binny,763,99.16666666666667,7.694117647058823
SW Tait,668,80.33333333333333,8.315352697095436
Sandeep Sharma,3758,472.3333333333333,7.956245589273112
Shahbaz Ahmed,850,89.83333333333333,9.461966604823749
Shahid Afridi,237,30.166666666666668,7.856353591160221
Shakib Al Hasan,1864,247.33333333333334,7.5363881401617245
Shivam Mavi,958,109.16666666666667,8.775572519083969
Simarjeet Singh,265,30.166666666666668,8.78453038674033
Sohail Tanvir,275,41.333333333333336,6.653225806451612
Suyash Sharma,381,43.166666666666664,8.826254826254827
Swapnil Singh,241,27.166666666666668,8.871165644171779
T Natarajan,2001,223.0,8.973094170403588
T Thushara,164,22.833333333333332,7.182481751824818
TA Boult,3286,390.5,8.414852752880922
TG Southee,1774,201.66666666666666,8.796694214876034
TK Curran,432,40.166666666666664,10.755186721991702
TL Suman,198,25.333333333333332,7.815789473684211
TM Dilshan,368,45.166666666666664,8.14760147601476
TS Mills,349,34.833333333333336,10.01913875598086
TU Deshpande,1275,130.0,9.807692307692308
UT Yadav,4442,513.3333333333334,8.653246753246753
Umar Gul,198,23.5,8.425531914893616
Umran Malik,785,82.83333333333333,9.476861167002012
V Kohli,371,42.833333333333336,8.66147859922179
V Pratap Singh,300,34.0,8.823529411764707
V Sehwag,236,22.833333333333332,10.335766423357665
V Shankar,344,40.5,8.493827160493828
VG Arora,598,65.5,9.129770992366412
VR Aaron,1527,167.0,9.1437125748503
VRV Singh,549,60.666666666666664,9.04945054945055
VS Malik,268,34.5,7.768115942028985
VY Mahesh,511,57.666666666666664,8.861271676300579
Vijaykumar Vyshak,396,38.666666666666664,10.241379310344827
WD Parnell,968,121.5,7.967078189300412
WPUJC Vaas,364,47.333333333333336,7.690140845070422
Washington Sundar,1335,176.0,7.5852272727272725
Y Venugopal Rao,338,36.0,9.38888888888889
YA Abdulla,311,35.0,8.885714285714286
YK Pathan,1443,191.16666666666666,7.548387096774194
YS Chahal,4681,588.3333333333334,7.9563739376770535
Yash Dayal,933,97.16666666666667,9.60205831903945
Yash Thakur,702,67.83333333333333,10.34889434889435
Yuvraj Singh,1091,145.0,7.524137931034483
Z Khan,2860,367.0,7.79291553133515
